<?xml version="1.0" encoding="UTF-8"?>
<!DOCTYPE suite SYSTEM "https://testng.org/testng-1.0.dtd">

<suite name="RedBus_Suite_AchinRor">

  <test thread-count="1" name="RebBus_Test_AchinRor">
  
  <classes>
  
   <class name="org.redbus.tests.redbusSearchTest"></class>
   <class name="org.redbus.tests.redbusResultGridTest"></class>
   <class name="org.redbus.tests.redbusLoginTest"></class>
   <class name="org.redbus.tests.redbusLogoutTest"></class>
   
  </classes>
  
  </test> <!-- Test -->
  
</suite> <!-- Suite -->
